"","percent_reduction","scenario"
"1",0.88,"Scenario 5 (high transmissibility in hospital)"
"2",0.88,"Scenario 5 (high transmissibility in hospital)"
"3",0.88,"Scenario 5 (high transmissibility in hospital)"
"4",0.88,"Scenario 5 (high transmissibility in hospital)"
"5",0.88,"Scenario 5 (high transmissibility in hospital)"
"6",1.77,"Scenario 5 (high transmissibility in hospital)"
"7",1.77,"Scenario 5 (high transmissibility in hospital)"
"8",1.77,"Scenario 5 (high transmissibility in hospital)"
"9",1.77,"Scenario 5 (high transmissibility in hospital)"
"10",1.77,"Scenario 5 (high transmissibility in hospital)"
"11",2.66,"Scenario 5 (high transmissibility in hospital)"
"12",2.66,"Scenario 5 (high transmissibility in hospital)"
"13",2.66,"Scenario 5 (high transmissibility in hospital)"
"14",2.66,"Scenario 5 (high transmissibility in hospital)"
"15",2.66,"Scenario 5 (high transmissibility in hospital)"
"16",3.55,"Scenario 5 (high transmissibility in hospital)"
"17",3.55,"Scenario 5 (high transmissibility in hospital)"
"18",3.55,"Scenario 5 (high transmissibility in hospital)"
"19",3.55,"Scenario 5 (high transmissibility in hospital)"
"20",3.55,"Scenario 5 (high transmissibility in hospital)"
"21",4.44,"Scenario 5 (high transmissibility in hospital)"
"22",4.44,"Scenario 5 (high transmissibility in hospital)"
"23",4.44,"Scenario 5 (high transmissibility in hospital)"
"24",4.44,"Scenario 5 (high transmissibility in hospital)"
"25",4.44,"Scenario 5 (high transmissibility in hospital)"
"26",5.34,"Scenario 5 (high transmissibility in hospital)"
"27",5.34,"Scenario 5 (high transmissibility in hospital)"
"28",5.34,"Scenario 5 (high transmissibility in hospital)"
"29",5.34,"Scenario 5 (high transmissibility in hospital)"
"30",5.34,"Scenario 5 (high transmissibility in hospital)"
"31",6.25,"Scenario 5 (high transmissibility in hospital)"
"32",6.25,"Scenario 5 (high transmissibility in hospital)"
"33",6.25,"Scenario 5 (high transmissibility in hospital)"
"34",6.25,"Scenario 5 (high transmissibility in hospital)"
"35",6.25,"Scenario 5 (high transmissibility in hospital)"
"36",7.15,"Scenario 5 (high transmissibility in hospital)"
"37",7.15,"Scenario 5 (high transmissibility in hospital)"
"38",7.15,"Scenario 5 (high transmissibility in hospital)"
"39",7.15,"Scenario 5 (high transmissibility in hospital)"
"40",7.15,"Scenario 5 (high transmissibility in hospital)"
"41",8.07,"Scenario 5 (high transmissibility in hospital)"
"42",8.07,"Scenario 5 (high transmissibility in hospital)"
"43",8.07,"Scenario 5 (high transmissibility in hospital)"
"44",8.07,"Scenario 5 (high transmissibility in hospital)"
"45",8.07,"Scenario 5 (high transmissibility in hospital)"
"46",8.98,"Scenario 5 (high transmissibility in hospital)"
"47",8.98,"Scenario 5 (high transmissibility in hospital)"
"48",8.98,"Scenario 5 (high transmissibility in hospital)"
"49",8.98,"Scenario 5 (high transmissibility in hospital)"
"50",8.98,"Scenario 5 (high transmissibility in hospital)"
"51",1.76,"Scenario 5 (high transmissibility in hospital)"
"52",1.76,"Scenario 5 (high transmissibility in hospital)"
"53",1.76,"Scenario 5 (high transmissibility in hospital)"
"54",1.76,"Scenario 5 (high transmissibility in hospital)"
"55",1.76,"Scenario 5 (high transmissibility in hospital)"
"56",1.76,"Scenario 5 (high transmissibility in hospital)"
"57",1.76,"Scenario 5 (high transmissibility in hospital)"
"58",1.76,"Scenario 5 (high transmissibility in hospital)"
"59",1.76,"Scenario 5 (high transmissibility in hospital)"
"60",1.76,"Scenario 5 (high transmissibility in hospital)"
"61",3.53,"Scenario 5 (high transmissibility in hospital)"
"62",3.53,"Scenario 5 (high transmissibility in hospital)"
"63",3.53,"Scenario 5 (high transmissibility in hospital)"
"64",3.53,"Scenario 5 (high transmissibility in hospital)"
"65",3.53,"Scenario 5 (high transmissibility in hospital)"
"66",3.53,"Scenario 5 (high transmissibility in hospital)"
"67",3.53,"Scenario 5 (high transmissibility in hospital)"
"68",3.53,"Scenario 5 (high transmissibility in hospital)"
"69",3.53,"Scenario 5 (high transmissibility in hospital)"
"70",3.53,"Scenario 5 (high transmissibility in hospital)"
"71",5.31,"Scenario 5 (high transmissibility in hospital)"
"72",5.31,"Scenario 5 (high transmissibility in hospital)"
"73",5.31,"Scenario 5 (high transmissibility in hospital)"
"74",5.31,"Scenario 5 (high transmissibility in hospital)"
"75",5.31,"Scenario 5 (high transmissibility in hospital)"
"76",5.31,"Scenario 5 (high transmissibility in hospital)"
"77",5.31,"Scenario 5 (high transmissibility in hospital)"
"78",5.31,"Scenario 5 (high transmissibility in hospital)"
"79",5.31,"Scenario 5 (high transmissibility in hospital)"
"80",5.31,"Scenario 5 (high transmissibility in hospital)"
"81",7.09,"Scenario 5 (high transmissibility in hospital)"
"82",7.09,"Scenario 5 (high transmissibility in hospital)"
"83",7.09,"Scenario 5 (high transmissibility in hospital)"
"84",7.09,"Scenario 5 (high transmissibility in hospital)"
"85",7.09,"Scenario 5 (high transmissibility in hospital)"
"86",7.09,"Scenario 5 (high transmissibility in hospital)"
"87",7.09,"Scenario 5 (high transmissibility in hospital)"
"88",7.09,"Scenario 5 (high transmissibility in hospital)"
"89",7.09,"Scenario 5 (high transmissibility in hospital)"
"90",7.09,"Scenario 5 (high transmissibility in hospital)"
"91",8.88,"Scenario 5 (high transmissibility in hospital)"
"92",8.88,"Scenario 5 (high transmissibility in hospital)"
"93",8.88,"Scenario 5 (high transmissibility in hospital)"
"94",8.88,"Scenario 5 (high transmissibility in hospital)"
"95",8.88,"Scenario 5 (high transmissibility in hospital)"
"96",8.88,"Scenario 5 (high transmissibility in hospital)"
"97",8.88,"Scenario 5 (high transmissibility in hospital)"
"98",8.88,"Scenario 5 (high transmissibility in hospital)"
"99",8.88,"Scenario 5 (high transmissibility in hospital)"
"100",8.88,"Scenario 5 (high transmissibility in hospital)"
"101",10.68,"Scenario 5 (high transmissibility in hospital)"
"102",10.68,"Scenario 5 (high transmissibility in hospital)"
"103",10.68,"Scenario 5 (high transmissibility in hospital)"
"104",10.68,"Scenario 5 (high transmissibility in hospital)"
"105",10.68,"Scenario 5 (high transmissibility in hospital)"
"106",10.68,"Scenario 5 (high transmissibility in hospital)"
"107",10.68,"Scenario 5 (high transmissibility in hospital)"
"108",10.68,"Scenario 5 (high transmissibility in hospital)"
"109",10.68,"Scenario 5 (high transmissibility in hospital)"
"110",10.68,"Scenario 5 (high transmissibility in hospital)"
"111",12.49,"Scenario 5 (high transmissibility in hospital)"
"112",12.49,"Scenario 5 (high transmissibility in hospital)"
"113",12.49,"Scenario 5 (high transmissibility in hospital)"
"114",12.49,"Scenario 5 (high transmissibility in hospital)"
"115",12.49,"Scenario 5 (high transmissibility in hospital)"
"116",12.49,"Scenario 5 (high transmissibility in hospital)"
"117",12.49,"Scenario 5 (high transmissibility in hospital)"
"118",12.49,"Scenario 5 (high transmissibility in hospital)"
"119",12.49,"Scenario 5 (high transmissibility in hospital)"
"120",12.49,"Scenario 5 (high transmissibility in hospital)"
"121",14.31,"Scenario 5 (high transmissibility in hospital)"
"122",14.31,"Scenario 5 (high transmissibility in hospital)"
"123",14.31,"Scenario 5 (high transmissibility in hospital)"
"124",14.31,"Scenario 5 (high transmissibility in hospital)"
"125",14.31,"Scenario 5 (high transmissibility in hospital)"
"126",14.31,"Scenario 5 (high transmissibility in hospital)"
"127",14.31,"Scenario 5 (high transmissibility in hospital)"
"128",14.31,"Scenario 5 (high transmissibility in hospital)"
"129",14.31,"Scenario 5 (high transmissibility in hospital)"
"130",14.31,"Scenario 5 (high transmissibility in hospital)"
"131",16.13,"Scenario 5 (high transmissibility in hospital)"
"132",16.13,"Scenario 5 (high transmissibility in hospital)"
"133",16.13,"Scenario 5 (high transmissibility in hospital)"
"134",16.13,"Scenario 5 (high transmissibility in hospital)"
"135",16.13,"Scenario 5 (high transmissibility in hospital)"
"136",16.13,"Scenario 5 (high transmissibility in hospital)"
"137",16.13,"Scenario 5 (high transmissibility in hospital)"
"138",16.13,"Scenario 5 (high transmissibility in hospital)"
"139",16.13,"Scenario 5 (high transmissibility in hospital)"
"140",16.13,"Scenario 5 (high transmissibility in hospital)"
"141",17.96,"Scenario 5 (high transmissibility in hospital)"
"142",17.96,"Scenario 5 (high transmissibility in hospital)"
"143",17.96,"Scenario 5 (high transmissibility in hospital)"
"144",17.96,"Scenario 5 (high transmissibility in hospital)"
"145",17.96,"Scenario 5 (high transmissibility in hospital)"
"146",17.96,"Scenario 5 (high transmissibility in hospital)"
"147",17.96,"Scenario 5 (high transmissibility in hospital)"
"148",17.96,"Scenario 5 (high transmissibility in hospital)"
"149",17.96,"Scenario 5 (high transmissibility in hospital)"
"150",17.96,"Scenario 5 (high transmissibility in hospital)"
"151",2.64,"Scenario 5 (high transmissibility in hospital)"
"152",2.64,"Scenario 5 (high transmissibility in hospital)"
"153",2.64,"Scenario 5 (high transmissibility in hospital)"
"154",2.64,"Scenario 5 (high transmissibility in hospital)"
"155",2.64,"Scenario 5 (high transmissibility in hospital)"
"156",2.64,"Scenario 5 (high transmissibility in hospital)"
"157",2.64,"Scenario 5 (high transmissibility in hospital)"
"158",2.64,"Scenario 5 (high transmissibility in hospital)"
"159",2.64,"Scenario 5 (high transmissibility in hospital)"
"160",2.64,"Scenario 5 (high transmissibility in hospital)"
"161",2.64,"Scenario 5 (high transmissibility in hospital)"
"162",5.3,"Scenario 5 (high transmissibility in hospital)"
"163",5.3,"Scenario 5 (high transmissibility in hospital)"
"164",5.3,"Scenario 5 (high transmissibility in hospital)"
"165",5.3,"Scenario 5 (high transmissibility in hospital)"
"166",5.3,"Scenario 5 (high transmissibility in hospital)"
"167",5.3,"Scenario 5 (high transmissibility in hospital)"
"168",5.3,"Scenario 5 (high transmissibility in hospital)"
"169",5.3,"Scenario 5 (high transmissibility in hospital)"
"170",5.3,"Scenario 5 (high transmissibility in hospital)"
"171",5.3,"Scenario 5 (high transmissibility in hospital)"
"172",5.3,"Scenario 5 (high transmissibility in hospital)"
"173",7.96,"Scenario 5 (high transmissibility in hospital)"
"174",7.96,"Scenario 5 (high transmissibility in hospital)"
"175",7.96,"Scenario 5 (high transmissibility in hospital)"
"176",7.96,"Scenario 5 (high transmissibility in hospital)"
"177",7.96,"Scenario 5 (high transmissibility in hospital)"
"178",7.96,"Scenario 5 (high transmissibility in hospital)"
"179",7.96,"Scenario 5 (high transmissibility in hospital)"
"180",7.96,"Scenario 5 (high transmissibility in hospital)"
"181",7.96,"Scenario 5 (high transmissibility in hospital)"
"182",7.96,"Scenario 5 (high transmissibility in hospital)"
"183",7.96,"Scenario 5 (high transmissibility in hospital)"
"184",10.64,"Scenario 5 (high transmissibility in hospital)"
"185",10.64,"Scenario 5 (high transmissibility in hospital)"
"186",10.64,"Scenario 5 (high transmissibility in hospital)"
"187",10.64,"Scenario 5 (high transmissibility in hospital)"
"188",10.64,"Scenario 5 (high transmissibility in hospital)"
"189",10.64,"Scenario 5 (high transmissibility in hospital)"
"190",10.64,"Scenario 5 (high transmissibility in hospital)"
"191",10.64,"Scenario 5 (high transmissibility in hospital)"
"192",10.64,"Scenario 5 (high transmissibility in hospital)"
"193",10.64,"Scenario 5 (high transmissibility in hospital)"
"194",10.64,"Scenario 5 (high transmissibility in hospital)"
"195",13.32,"Scenario 5 (high transmissibility in hospital)"
"196",13.32,"Scenario 5 (high transmissibility in hospital)"
"197",13.32,"Scenario 5 (high transmissibility in hospital)"
"198",13.32,"Scenario 5 (high transmissibility in hospital)"
"199",13.32,"Scenario 5 (high transmissibility in hospital)"
"200",13.32,"Scenario 5 (high transmissibility in hospital)"
"201",13.32,"Scenario 5 (high transmissibility in hospital)"
"202",13.32,"Scenario 5 (high transmissibility in hospital)"
"203",13.32,"Scenario 5 (high transmissibility in hospital)"
"204",13.32,"Scenario 5 (high transmissibility in hospital)"
"205",13.32,"Scenario 5 (high transmissibility in hospital)"
"206",16.02,"Scenario 5 (high transmissibility in hospital)"
"207",16.02,"Scenario 5 (high transmissibility in hospital)"
"208",16.02,"Scenario 5 (high transmissibility in hospital)"
"209",16.02,"Scenario 5 (high transmissibility in hospital)"
"210",16.02,"Scenario 5 (high transmissibility in hospital)"
"211",16.02,"Scenario 5 (high transmissibility in hospital)"
"212",16.02,"Scenario 5 (high transmissibility in hospital)"
"213",16.02,"Scenario 5 (high transmissibility in hospital)"
"214",16.02,"Scenario 5 (high transmissibility in hospital)"
"215",16.02,"Scenario 5 (high transmissibility in hospital)"
"216",16.02,"Scenario 5 (high transmissibility in hospital)"
"217",18.73,"Scenario 5 (high transmissibility in hospital)"
"218",18.73,"Scenario 5 (high transmissibility in hospital)"
"219",18.73,"Scenario 5 (high transmissibility in hospital)"
"220",18.73,"Scenario 5 (high transmissibility in hospital)"
"221",18.73,"Scenario 5 (high transmissibility in hospital)"
"222",18.73,"Scenario 5 (high transmissibility in hospital)"
"223",18.73,"Scenario 5 (high transmissibility in hospital)"
"224",18.73,"Scenario 5 (high transmissibility in hospital)"
"225",18.73,"Scenario 5 (high transmissibility in hospital)"
"226",18.73,"Scenario 5 (high transmissibility in hospital)"
"227",18.73,"Scenario 5 (high transmissibility in hospital)"
"228",21.45,"Scenario 5 (high transmissibility in hospital)"
"229",21.45,"Scenario 5 (high transmissibility in hospital)"
"230",21.45,"Scenario 5 (high transmissibility in hospital)"
"231",21.45,"Scenario 5 (high transmissibility in hospital)"
"232",21.45,"Scenario 5 (high transmissibility in hospital)"
"233",21.45,"Scenario 5 (high transmissibility in hospital)"
"234",21.45,"Scenario 5 (high transmissibility in hospital)"
"235",21.45,"Scenario 5 (high transmissibility in hospital)"
"236",21.45,"Scenario 5 (high transmissibility in hospital)"
"237",21.45,"Scenario 5 (high transmissibility in hospital)"
"238",21.45,"Scenario 5 (high transmissibility in hospital)"
"239",24.19,"Scenario 5 (high transmissibility in hospital)"
"240",24.19,"Scenario 5 (high transmissibility in hospital)"
"241",24.19,"Scenario 5 (high transmissibility in hospital)"
"242",24.19,"Scenario 5 (high transmissibility in hospital)"
"243",24.19,"Scenario 5 (high transmissibility in hospital)"
"244",24.19,"Scenario 5 (high transmissibility in hospital)"
"245",24.19,"Scenario 5 (high transmissibility in hospital)"
"246",24.19,"Scenario 5 (high transmissibility in hospital)"
"247",24.19,"Scenario 5 (high transmissibility in hospital)"
"248",24.19,"Scenario 5 (high transmissibility in hospital)"
"249",24.19,"Scenario 5 (high transmissibility in hospital)"
"250",26.93,"Scenario 5 (high transmissibility in hospital)"
"251",26.93,"Scenario 5 (high transmissibility in hospital)"
"252",26.93,"Scenario 5 (high transmissibility in hospital)"
"253",26.93,"Scenario 5 (high transmissibility in hospital)"
"254",26.93,"Scenario 5 (high transmissibility in hospital)"
"255",26.93,"Scenario 5 (high transmissibility in hospital)"
"256",26.93,"Scenario 5 (high transmissibility in hospital)"
"257",26.93,"Scenario 5 (high transmissibility in hospital)"
"258",26.93,"Scenario 5 (high transmissibility in hospital)"
"259",26.93,"Scenario 5 (high transmissibility in hospital)"
"260",26.93,"Scenario 5 (high transmissibility in hospital)"
"261",3.52,"Scenario 5 (high transmissibility in hospital)"
"262",3.52,"Scenario 5 (high transmissibility in hospital)"
"263",3.52,"Scenario 5 (high transmissibility in hospital)"
"264",3.52,"Scenario 5 (high transmissibility in hospital)"
"265",3.52,"Scenario 5 (high transmissibility in hospital)"
"266",3.52,"Scenario 5 (high transmissibility in hospital)"
"267",3.52,"Scenario 5 (high transmissibility in hospital)"
"268",3.52,"Scenario 5 (high transmissibility in hospital)"
"269",3.52,"Scenario 5 (high transmissibility in hospital)"
"270",3.52,"Scenario 5 (high transmissibility in hospital)"
"271",3.52,"Scenario 5 (high transmissibility in hospital)"
"272",7.06,"Scenario 5 (high transmissibility in hospital)"
"273",7.06,"Scenario 5 (high transmissibility in hospital)"
"274",7.06,"Scenario 5 (high transmissibility in hospital)"
"275",7.06,"Scenario 5 (high transmissibility in hospital)"
"276",7.06,"Scenario 5 (high transmissibility in hospital)"
"277",7.06,"Scenario 5 (high transmissibility in hospital)"
"278",7.06,"Scenario 5 (high transmissibility in hospital)"
"279",7.06,"Scenario 5 (high transmissibility in hospital)"
"280",7.06,"Scenario 5 (high transmissibility in hospital)"
"281",7.06,"Scenario 5 (high transmissibility in hospital)"
"282",7.06,"Scenario 5 (high transmissibility in hospital)"
"283",10.61,"Scenario 5 (high transmissibility in hospital)"
"284",10.61,"Scenario 5 (high transmissibility in hospital)"
"285",10.61,"Scenario 5 (high transmissibility in hospital)"
"286",10.61,"Scenario 5 (high transmissibility in hospital)"
"287",10.61,"Scenario 5 (high transmissibility in hospital)"
"288",10.61,"Scenario 5 (high transmissibility in hospital)"
"289",10.61,"Scenario 5 (high transmissibility in hospital)"
"290",10.61,"Scenario 5 (high transmissibility in hospital)"
"291",10.61,"Scenario 5 (high transmissibility in hospital)"
"292",10.61,"Scenario 5 (high transmissibility in hospital)"
"293",10.61,"Scenario 5 (high transmissibility in hospital)"
"294",14.18,"Scenario 5 (high transmissibility in hospital)"
"295",14.18,"Scenario 5 (high transmissibility in hospital)"
"296",14.18,"Scenario 5 (high transmissibility in hospital)"
"297",14.18,"Scenario 5 (high transmissibility in hospital)"
"298",14.18,"Scenario 5 (high transmissibility in hospital)"
"299",14.18,"Scenario 5 (high transmissibility in hospital)"
"300",14.18,"Scenario 5 (high transmissibility in hospital)"
"301",14.18,"Scenario 5 (high transmissibility in hospital)"
"302",14.18,"Scenario 5 (high transmissibility in hospital)"
"303",14.18,"Scenario 5 (high transmissibility in hospital)"
"304",14.18,"Scenario 5 (high transmissibility in hospital)"
"305",17.76,"Scenario 5 (high transmissibility in hospital)"
"306",17.76,"Scenario 5 (high transmissibility in hospital)"
"307",17.76,"Scenario 5 (high transmissibility in hospital)"
"308",17.76,"Scenario 5 (high transmissibility in hospital)"
"309",17.76,"Scenario 5 (high transmissibility in hospital)"
"310",17.76,"Scenario 5 (high transmissibility in hospital)"
"311",17.76,"Scenario 5 (high transmissibility in hospital)"
"312",17.76,"Scenario 5 (high transmissibility in hospital)"
"313",17.76,"Scenario 5 (high transmissibility in hospital)"
"314",17.76,"Scenario 5 (high transmissibility in hospital)"
"315",17.76,"Scenario 5 (high transmissibility in hospital)"
"316",21.36,"Scenario 5 (high transmissibility in hospital)"
"317",21.36,"Scenario 5 (high transmissibility in hospital)"
"318",21.36,"Scenario 5 (high transmissibility in hospital)"
"319",21.36,"Scenario 5 (high transmissibility in hospital)"
"320",21.36,"Scenario 5 (high transmissibility in hospital)"
"321",21.36,"Scenario 5 (high transmissibility in hospital)"
"322",21.36,"Scenario 5 (high transmissibility in hospital)"
"323",21.36,"Scenario 5 (high transmissibility in hospital)"
"324",21.36,"Scenario 5 (high transmissibility in hospital)"
"325",21.36,"Scenario 5 (high transmissibility in hospital)"
"326",21.36,"Scenario 5 (high transmissibility in hospital)"
"327",24.97,"Scenario 5 (high transmissibility in hospital)"
"328",24.97,"Scenario 5 (high transmissibility in hospital)"
"329",24.97,"Scenario 5 (high transmissibility in hospital)"
"330",24.97,"Scenario 5 (high transmissibility in hospital)"
"331",24.97,"Scenario 5 (high transmissibility in hospital)"
"332",24.97,"Scenario 5 (high transmissibility in hospital)"
"333",24.97,"Scenario 5 (high transmissibility in hospital)"
"334",24.97,"Scenario 5 (high transmissibility in hospital)"
"335",24.97,"Scenario 5 (high transmissibility in hospital)"
"336",24.97,"Scenario 5 (high transmissibility in hospital)"
"337",24.97,"Scenario 5 (high transmissibility in hospital)"
"338",28.6,"Scenario 5 (high transmissibility in hospital)"
"339",28.6,"Scenario 5 (high transmissibility in hospital)"
"340",28.6,"Scenario 5 (high transmissibility in hospital)"
"341",28.6,"Scenario 5 (high transmissibility in hospital)"
"342",28.6,"Scenario 5 (high transmissibility in hospital)"
"343",28.6,"Scenario 5 (high transmissibility in hospital)"
"344",28.6,"Scenario 5 (high transmissibility in hospital)"
"345",28.6,"Scenario 5 (high transmissibility in hospital)"
"346",28.6,"Scenario 5 (high transmissibility in hospital)"
"347",28.6,"Scenario 5 (high transmissibility in hospital)"
"348",28.6,"Scenario 5 (high transmissibility in hospital)"
"349",32.24,"Scenario 5 (high transmissibility in hospital)"
"350",32.24,"Scenario 5 (high transmissibility in hospital)"
"351",32.24,"Scenario 5 (high transmissibility in hospital)"
"352",32.24,"Scenario 5 (high transmissibility in hospital)"
"353",32.24,"Scenario 5 (high transmissibility in hospital)"
"354",32.24,"Scenario 5 (high transmissibility in hospital)"
"355",32.24,"Scenario 5 (high transmissibility in hospital)"
"356",32.24,"Scenario 5 (high transmissibility in hospital)"
"357",32.24,"Scenario 5 (high transmissibility in hospital)"
"358",32.24,"Scenario 5 (high transmissibility in hospital)"
"359",32.24,"Scenario 5 (high transmissibility in hospital)"
"360",35.89,"Scenario 5 (high transmissibility in hospital)"
"361",35.89,"Scenario 5 (high transmissibility in hospital)"
"362",35.89,"Scenario 5 (high transmissibility in hospital)"
"363",35.89,"Scenario 5 (high transmissibility in hospital)"
"364",35.89,"Scenario 5 (high transmissibility in hospital)"
"365",35.89,"Scenario 5 (high transmissibility in hospital)"
"366",35.89,"Scenario 5 (high transmissibility in hospital)"
"367",35.89,"Scenario 5 (high transmissibility in hospital)"
"368",35.89,"Scenario 5 (high transmissibility in hospital)"
"369",35.89,"Scenario 5 (high transmissibility in hospital)"
"370",35.89,"Scenario 5 (high transmissibility in hospital)"
"371",4.41,"Scenario 5 (high transmissibility in hospital)"
"372",4.41,"Scenario 5 (high transmissibility in hospital)"
"373",4.41,"Scenario 5 (high transmissibility in hospital)"
"374",4.41,"Scenario 5 (high transmissibility in hospital)"
"375",4.41,"Scenario 5 (high transmissibility in hospital)"
"376",4.41,"Scenario 5 (high transmissibility in hospital)"
"377",4.41,"Scenario 5 (high transmissibility in hospital)"
"378",4.41,"Scenario 5 (high transmissibility in hospital)"
"379",4.41,"Scenario 5 (high transmissibility in hospital)"
"380",4.41,"Scenario 5 (high transmissibility in hospital)"
"381",4.41,"Scenario 5 (high transmissibility in hospital)"
"382",8.83,"Scenario 5 (high transmissibility in hospital)"
"383",8.83,"Scenario 5 (high transmissibility in hospital)"
"384",8.83,"Scenario 5 (high transmissibility in hospital)"
"385",8.83,"Scenario 5 (high transmissibility in hospital)"
"386",8.83,"Scenario 5 (high transmissibility in hospital)"
"387",8.83,"Scenario 5 (high transmissibility in hospital)"
"388",8.83,"Scenario 5 (high transmissibility in hospital)"
"389",8.83,"Scenario 5 (high transmissibility in hospital)"
"390",8.83,"Scenario 5 (high transmissibility in hospital)"
"391",8.83,"Scenario 5 (high transmissibility in hospital)"
"392",8.83,"Scenario 5 (high transmissibility in hospital)"
"393",13.27,"Scenario 5 (high transmissibility in hospital)"
"394",13.27,"Scenario 5 (high transmissibility in hospital)"
"395",13.27,"Scenario 5 (high transmissibility in hospital)"
"396",13.27,"Scenario 5 (high transmissibility in hospital)"
"397",13.27,"Scenario 5 (high transmissibility in hospital)"
"398",13.27,"Scenario 5 (high transmissibility in hospital)"
"399",13.27,"Scenario 5 (high transmissibility in hospital)"
"400",13.27,"Scenario 5 (high transmissibility in hospital)"
"401",13.27,"Scenario 5 (high transmissibility in hospital)"
"402",13.27,"Scenario 5 (high transmissibility in hospital)"
"403",13.27,"Scenario 5 (high transmissibility in hospital)"
"404",17.73,"Scenario 5 (high transmissibility in hospital)"
"405",17.73,"Scenario 5 (high transmissibility in hospital)"
"406",17.73,"Scenario 5 (high transmissibility in hospital)"
"407",17.73,"Scenario 5 (high transmissibility in hospital)"
"408",17.73,"Scenario 5 (high transmissibility in hospital)"
"409",17.73,"Scenario 5 (high transmissibility in hospital)"
"410",17.73,"Scenario 5 (high transmissibility in hospital)"
"411",17.73,"Scenario 5 (high transmissibility in hospital)"
"412",17.73,"Scenario 5 (high transmissibility in hospital)"
"413",17.73,"Scenario 5 (high transmissibility in hospital)"
"414",17.73,"Scenario 5 (high transmissibility in hospital)"
"415",22.2,"Scenario 5 (high transmissibility in hospital)"
"416",22.2,"Scenario 5 (high transmissibility in hospital)"
"417",22.2,"Scenario 5 (high transmissibility in hospital)"
"418",22.2,"Scenario 5 (high transmissibility in hospital)"
"419",22.2,"Scenario 5 (high transmissibility in hospital)"
"420",22.2,"Scenario 5 (high transmissibility in hospital)"
"421",22.2,"Scenario 5 (high transmissibility in hospital)"
"422",22.2,"Scenario 5 (high transmissibility in hospital)"
"423",22.2,"Scenario 5 (high transmissibility in hospital)"
"424",22.2,"Scenario 5 (high transmissibility in hospital)"
"425",22.2,"Scenario 5 (high transmissibility in hospital)"
"426",26.7,"Scenario 5 (high transmissibility in hospital)"
"427",26.7,"Scenario 5 (high transmissibility in hospital)"
"428",26.7,"Scenario 5 (high transmissibility in hospital)"
"429",26.7,"Scenario 5 (high transmissibility in hospital)"
"430",26.7,"Scenario 5 (high transmissibility in hospital)"
"431",26.7,"Scenario 5 (high transmissibility in hospital)"
"432",26.7,"Scenario 5 (high transmissibility in hospital)"
"433",26.7,"Scenario 5 (high transmissibility in hospital)"
"434",26.7,"Scenario 5 (high transmissibility in hospital)"
"435",26.7,"Scenario 5 (high transmissibility in hospital)"
"436",26.7,"Scenario 5 (high transmissibility in hospital)"
"437",31.21,"Scenario 5 (high transmissibility in hospital)"
"438",31.21,"Scenario 5 (high transmissibility in hospital)"
"439",31.21,"Scenario 5 (high transmissibility in hospital)"
"440",31.21,"Scenario 5 (high transmissibility in hospital)"
"441",31.21,"Scenario 5 (high transmissibility in hospital)"
"442",31.21,"Scenario 5 (high transmissibility in hospital)"
"443",31.21,"Scenario 5 (high transmissibility in hospital)"
"444",31.21,"Scenario 5 (high transmissibility in hospital)"
"445",31.21,"Scenario 5 (high transmissibility in hospital)"
"446",31.21,"Scenario 5 (high transmissibility in hospital)"
"447",31.21,"Scenario 5 (high transmissibility in hospital)"
"448",35.74,"Scenario 5 (high transmissibility in hospital)"
"449",35.74,"Scenario 5 (high transmissibility in hospital)"
"450",35.74,"Scenario 5 (high transmissibility in hospital)"
"451",35.74,"Scenario 5 (high transmissibility in hospital)"
"452",35.74,"Scenario 5 (high transmissibility in hospital)"
"453",35.74,"Scenario 5 (high transmissibility in hospital)"
"454",35.74,"Scenario 5 (high transmissibility in hospital)"
"455",35.74,"Scenario 5 (high transmissibility in hospital)"
"456",35.74,"Scenario 5 (high transmissibility in hospital)"
"457",35.74,"Scenario 5 (high transmissibility in hospital)"
"458",35.74,"Scenario 5 (high transmissibility in hospital)"
"459",40.29,"Scenario 5 (high transmissibility in hospital)"
"460",40.29,"Scenario 5 (high transmissibility in hospital)"
"461",40.29,"Scenario 5 (high transmissibility in hospital)"
"462",40.29,"Scenario 5 (high transmissibility in hospital)"
"463",40.29,"Scenario 5 (high transmissibility in hospital)"
"464",40.29,"Scenario 5 (high transmissibility in hospital)"
"465",40.29,"Scenario 5 (high transmissibility in hospital)"
"466",40.29,"Scenario 5 (high transmissibility in hospital)"
"467",40.29,"Scenario 5 (high transmissibility in hospital)"
"468",40.29,"Scenario 5 (high transmissibility in hospital)"
"469",40.29,"Scenario 5 (high transmissibility in hospital)"
"470",44.86,"Scenario 5 (high transmissibility in hospital)"
"471",44.86,"Scenario 5 (high transmissibility in hospital)"
"472",44.86,"Scenario 5 (high transmissibility in hospital)"
"473",44.86,"Scenario 5 (high transmissibility in hospital)"
"474",44.86,"Scenario 5 (high transmissibility in hospital)"
"475",44.86,"Scenario 5 (high transmissibility in hospital)"
"476",44.86,"Scenario 5 (high transmissibility in hospital)"
"477",44.86,"Scenario 5 (high transmissibility in hospital)"
"478",44.86,"Scenario 5 (high transmissibility in hospital)"
"479",44.86,"Scenario 5 (high transmissibility in hospital)"
"480",44.86,"Scenario 5 (high transmissibility in hospital)"
"481",5.29,"Scenario 5 (high transmissibility in hospital)"
"482",5.29,"Scenario 5 (high transmissibility in hospital)"
"483",5.29,"Scenario 5 (high transmissibility in hospital)"
"484",5.29,"Scenario 5 (high transmissibility in hospital)"
"485",5.29,"Scenario 5 (high transmissibility in hospital)"
"486",5.29,"Scenario 5 (high transmissibility in hospital)"
"487",5.29,"Scenario 5 (high transmissibility in hospital)"
"488",5.29,"Scenario 5 (high transmissibility in hospital)"
"489",5.29,"Scenario 5 (high transmissibility in hospital)"
"490",5.29,"Scenario 5 (high transmissibility in hospital)"
"491",5.29,"Scenario 5 (high transmissibility in hospital)"
"492",10.59,"Scenario 5 (high transmissibility in hospital)"
"493",10.59,"Scenario 5 (high transmissibility in hospital)"
"494",10.59,"Scenario 5 (high transmissibility in hospital)"
"495",10.59,"Scenario 5 (high transmissibility in hospital)"
"496",10.59,"Scenario 5 (high transmissibility in hospital)"
"497",10.59,"Scenario 5 (high transmissibility in hospital)"
"498",10.59,"Scenario 5 (high transmissibility in hospital)"
"499",10.59,"Scenario 5 (high transmissibility in hospital)"
"500",10.59,"Scenario 5 (high transmissibility in hospital)"
"501",10.59,"Scenario 5 (high transmissibility in hospital)"
"502",10.59,"Scenario 5 (high transmissibility in hospital)"
"503",15.92,"Scenario 5 (high transmissibility in hospital)"
"504",15.92,"Scenario 5 (high transmissibility in hospital)"
"505",15.92,"Scenario 5 (high transmissibility in hospital)"
"506",15.92,"Scenario 5 (high transmissibility in hospital)"
"507",15.92,"Scenario 5 (high transmissibility in hospital)"
"508",15.92,"Scenario 5 (high transmissibility in hospital)"
"509",15.92,"Scenario 5 (high transmissibility in hospital)"
"510",15.92,"Scenario 5 (high transmissibility in hospital)"
"511",15.92,"Scenario 5 (high transmissibility in hospital)"
"512",15.92,"Scenario 5 (high transmissibility in hospital)"
"513",15.92,"Scenario 5 (high transmissibility in hospital)"
"514",21.27,"Scenario 5 (high transmissibility in hospital)"
"515",21.27,"Scenario 5 (high transmissibility in hospital)"
"516",21.27,"Scenario 5 (high transmissibility in hospital)"
"517",21.27,"Scenario 5 (high transmissibility in hospital)"
"518",21.27,"Scenario 5 (high transmissibility in hospital)"
"519",21.27,"Scenario 5 (high transmissibility in hospital)"
"520",21.27,"Scenario 5 (high transmissibility in hospital)"
"521",21.27,"Scenario 5 (high transmissibility in hospital)"
"522",21.27,"Scenario 5 (high transmissibility in hospital)"
"523",21.27,"Scenario 5 (high transmissibility in hospital)"
"524",21.27,"Scenario 5 (high transmissibility in hospital)"
"525",26.64,"Scenario 5 (high transmissibility in hospital)"
"526",26.64,"Scenario 5 (high transmissibility in hospital)"
"527",26.64,"Scenario 5 (high transmissibility in hospital)"
"528",26.64,"Scenario 5 (high transmissibility in hospital)"
"529",26.64,"Scenario 5 (high transmissibility in hospital)"
"530",26.64,"Scenario 5 (high transmissibility in hospital)"
"531",26.64,"Scenario 5 (high transmissibility in hospital)"
"532",26.64,"Scenario 5 (high transmissibility in hospital)"
"533",26.64,"Scenario 5 (high transmissibility in hospital)"
"534",26.64,"Scenario 5 (high transmissibility in hospital)"
"535",26.64,"Scenario 5 (high transmissibility in hospital)"
"536",32.03,"Scenario 5 (high transmissibility in hospital)"
"537",32.03,"Scenario 5 (high transmissibility in hospital)"
"538",32.03,"Scenario 5 (high transmissibility in hospital)"
"539",32.03,"Scenario 5 (high transmissibility in hospital)"
"540",32.03,"Scenario 5 (high transmissibility in hospital)"
"541",32.03,"Scenario 5 (high transmissibility in hospital)"
"542",32.03,"Scenario 5 (high transmissibility in hospital)"
"543",32.03,"Scenario 5 (high transmissibility in hospital)"
"544",32.03,"Scenario 5 (high transmissibility in hospital)"
"545",32.03,"Scenario 5 (high transmissibility in hospital)"
"546",32.03,"Scenario 5 (high transmissibility in hospital)"
"547",37.44,"Scenario 5 (high transmissibility in hospital)"
"548",37.44,"Scenario 5 (high transmissibility in hospital)"
"549",37.44,"Scenario 5 (high transmissibility in hospital)"
"550",37.44,"Scenario 5 (high transmissibility in hospital)"
"551",37.44,"Scenario 5 (high transmissibility in hospital)"
"552",37.44,"Scenario 5 (high transmissibility in hospital)"
"553",37.44,"Scenario 5 (high transmissibility in hospital)"
"554",37.44,"Scenario 5 (high transmissibility in hospital)"
"555",37.44,"Scenario 5 (high transmissibility in hospital)"
"556",37.44,"Scenario 5 (high transmissibility in hospital)"
"557",37.44,"Scenario 5 (high transmissibility in hospital)"
"558",42.88,"Scenario 5 (high transmissibility in hospital)"
"559",42.88,"Scenario 5 (high transmissibility in hospital)"
"560",42.88,"Scenario 5 (high transmissibility in hospital)"
"561",42.88,"Scenario 5 (high transmissibility in hospital)"
"562",42.88,"Scenario 5 (high transmissibility in hospital)"
"563",42.88,"Scenario 5 (high transmissibility in hospital)"
"564",42.88,"Scenario 5 (high transmissibility in hospital)"
"565",42.88,"Scenario 5 (high transmissibility in hospital)"
"566",42.88,"Scenario 5 (high transmissibility in hospital)"
"567",42.88,"Scenario 5 (high transmissibility in hospital)"
"568",42.88,"Scenario 5 (high transmissibility in hospital)"
"569",48.33,"Scenario 5 (high transmissibility in hospital)"
"570",48.33,"Scenario 5 (high transmissibility in hospital)"
"571",48.33,"Scenario 5 (high transmissibility in hospital)"
"572",48.33,"Scenario 5 (high transmissibility in hospital)"
"573",48.33,"Scenario 5 (high transmissibility in hospital)"
"574",48.33,"Scenario 5 (high transmissibility in hospital)"
"575",48.33,"Scenario 5 (high transmissibility in hospital)"
"576",48.33,"Scenario 5 (high transmissibility in hospital)"
"577",48.33,"Scenario 5 (high transmissibility in hospital)"
"578",48.33,"Scenario 5 (high transmissibility in hospital)"
"579",48.33,"Scenario 5 (high transmissibility in hospital)"
"580",53.81,"Scenario 5 (high transmissibility in hospital)"
"581",53.81,"Scenario 5 (high transmissibility in hospital)"
"582",53.81,"Scenario 5 (high transmissibility in hospital)"
"583",53.81,"Scenario 5 (high transmissibility in hospital)"
"584",53.81,"Scenario 5 (high transmissibility in hospital)"
"585",53.81,"Scenario 5 (high transmissibility in hospital)"
"586",53.81,"Scenario 5 (high transmissibility in hospital)"
"587",53.81,"Scenario 5 (high transmissibility in hospital)"
"588",53.81,"Scenario 5 (high transmissibility in hospital)"
"589",53.81,"Scenario 5 (high transmissibility in hospital)"
"590",53.81,"Scenario 5 (high transmissibility in hospital)"
"591",6.17,"Scenario 5 (high transmissibility in hospital)"
"592",6.17,"Scenario 5 (high transmissibility in hospital)"
"593",6.17,"Scenario 5 (high transmissibility in hospital)"
"594",6.17,"Scenario 5 (high transmissibility in hospital)"
"595",6.17,"Scenario 5 (high transmissibility in hospital)"
"596",6.17,"Scenario 5 (high transmissibility in hospital)"
"597",6.17,"Scenario 5 (high transmissibility in hospital)"
"598",6.17,"Scenario 5 (high transmissibility in hospital)"
"599",6.17,"Scenario 5 (high transmissibility in hospital)"
"600",6.17,"Scenario 5 (high transmissibility in hospital)"
"601",6.17,"Scenario 5 (high transmissibility in hospital)"
"602",12.36,"Scenario 5 (high transmissibility in hospital)"
"603",12.36,"Scenario 5 (high transmissibility in hospital)"
"604",12.36,"Scenario 5 (high transmissibility in hospital)"
"605",12.36,"Scenario 5 (high transmissibility in hospital)"
"606",12.36,"Scenario 5 (high transmissibility in hospital)"
"607",12.36,"Scenario 5 (high transmissibility in hospital)"
"608",12.36,"Scenario 5 (high transmissibility in hospital)"
"609",12.36,"Scenario 5 (high transmissibility in hospital)"
"610",12.36,"Scenario 5 (high transmissibility in hospital)"
"611",12.36,"Scenario 5 (high transmissibility in hospital)"
"612",12.36,"Scenario 5 (high transmissibility in hospital)"
"613",18.57,"Scenario 5 (high transmissibility in hospital)"
"614",18.57,"Scenario 5 (high transmissibility in hospital)"
"615",18.57,"Scenario 5 (high transmissibility in hospital)"
"616",18.57,"Scenario 5 (high transmissibility in hospital)"
"617",18.57,"Scenario 5 (high transmissibility in hospital)"
"618",18.57,"Scenario 5 (high transmissibility in hospital)"
"619",18.57,"Scenario 5 (high transmissibility in hospital)"
"620",18.57,"Scenario 5 (high transmissibility in hospital)"
"621",18.57,"Scenario 5 (high transmissibility in hospital)"
"622",18.57,"Scenario 5 (high transmissibility in hospital)"
"623",18.57,"Scenario 5 (high transmissibility in hospital)"
"624",24.81,"Scenario 5 (high transmissibility in hospital)"
"625",24.81,"Scenario 5 (high transmissibility in hospital)"
"626",24.81,"Scenario 5 (high transmissibility in hospital)"
"627",24.81,"Scenario 5 (high transmissibility in hospital)"
"628",24.81,"Scenario 5 (high transmissibility in hospital)"
"629",24.81,"Scenario 5 (high transmissibility in hospital)"
"630",24.81,"Scenario 5 (high transmissibility in hospital)"
"631",24.81,"Scenario 5 (high transmissibility in hospital)"
"632",24.81,"Scenario 5 (high transmissibility in hospital)"
"633",24.81,"Scenario 5 (high transmissibility in hospital)"
"634",24.81,"Scenario 5 (high transmissibility in hospital)"
"635",31.07,"Scenario 5 (high transmissibility in hospital)"
"636",31.07,"Scenario 5 (high transmissibility in hospital)"
"637",31.07,"Scenario 5 (high transmissibility in hospital)"
"638",31.07,"Scenario 5 (high transmissibility in hospital)"
"639",31.07,"Scenario 5 (high transmissibility in hospital)"
"640",31.07,"Scenario 5 (high transmissibility in hospital)"
"641",31.07,"Scenario 5 (high transmissibility in hospital)"
"642",31.07,"Scenario 5 (high transmissibility in hospital)"
"643",31.07,"Scenario 5 (high transmissibility in hospital)"
"644",31.07,"Scenario 5 (high transmissibility in hospital)"
"645",31.07,"Scenario 5 (high transmissibility in hospital)"
"646",37.36,"Scenario 5 (high transmissibility in hospital)"
"647",37.36,"Scenario 5 (high transmissibility in hospital)"
"648",37.36,"Scenario 5 (high transmissibility in hospital)"
"649",37.36,"Scenario 5 (high transmissibility in hospital)"
"650",37.36,"Scenario 5 (high transmissibility in hospital)"
"651",37.36,"Scenario 5 (high transmissibility in hospital)"
"652",37.36,"Scenario 5 (high transmissibility in hospital)"
"653",37.36,"Scenario 5 (high transmissibility in hospital)"
"654",37.36,"Scenario 5 (high transmissibility in hospital)"
"655",37.36,"Scenario 5 (high transmissibility in hospital)"
"656",37.36,"Scenario 5 (high transmissibility in hospital)"
"657",43.67,"Scenario 5 (high transmissibility in hospital)"
"658",43.67,"Scenario 5 (high transmissibility in hospital)"
"659",43.67,"Scenario 5 (high transmissibility in hospital)"
"660",43.67,"Scenario 5 (high transmissibility in hospital)"
"661",43.67,"Scenario 5 (high transmissibility in hospital)"
"662",43.67,"Scenario 5 (high transmissibility in hospital)"
"663",43.67,"Scenario 5 (high transmissibility in hospital)"
"664",43.67,"Scenario 5 (high transmissibility in hospital)"
"665",43.67,"Scenario 5 (high transmissibility in hospital)"
"666",43.67,"Scenario 5 (high transmissibility in hospital)"
"667",43.67,"Scenario 5 (high transmissibility in hospital)"
"668",50.01,"Scenario 5 (high transmissibility in hospital)"
"669",50.01,"Scenario 5 (high transmissibility in hospital)"
"670",50.01,"Scenario 5 (high transmissibility in hospital)"
"671",50.01,"Scenario 5 (high transmissibility in hospital)"
"672",50.01,"Scenario 5 (high transmissibility in hospital)"
"673",50.01,"Scenario 5 (high transmissibility in hospital)"
"674",50.01,"Scenario 5 (high transmissibility in hospital)"
"675",50.01,"Scenario 5 (high transmissibility in hospital)"
"676",50.01,"Scenario 5 (high transmissibility in hospital)"
"677",50.01,"Scenario 5 (high transmissibility in hospital)"
"678",50.01,"Scenario 5 (high transmissibility in hospital)"
"679",56.37,"Scenario 5 (high transmissibility in hospital)"
"680",56.37,"Scenario 5 (high transmissibility in hospital)"
"681",56.37,"Scenario 5 (high transmissibility in hospital)"
"682",56.37,"Scenario 5 (high transmissibility in hospital)"
"683",56.37,"Scenario 5 (high transmissibility in hospital)"
"684",56.37,"Scenario 5 (high transmissibility in hospital)"
"685",56.37,"Scenario 5 (high transmissibility in hospital)"
"686",56.37,"Scenario 5 (high transmissibility in hospital)"
"687",56.37,"Scenario 5 (high transmissibility in hospital)"
"688",56.37,"Scenario 5 (high transmissibility in hospital)"
"689",56.37,"Scenario 5 (high transmissibility in hospital)"
"690",62.76,"Scenario 5 (high transmissibility in hospital)"
"691",62.76,"Scenario 5 (high transmissibility in hospital)"
"692",62.76,"Scenario 5 (high transmissibility in hospital)"
"693",62.76,"Scenario 5 (high transmissibility in hospital)"
"694",62.76,"Scenario 5 (high transmissibility in hospital)"
"695",62.76,"Scenario 5 (high transmissibility in hospital)"
"696",62.76,"Scenario 5 (high transmissibility in hospital)"
"697",62.76,"Scenario 5 (high transmissibility in hospital)"
"698",62.76,"Scenario 5 (high transmissibility in hospital)"
"699",62.76,"Scenario 5 (high transmissibility in hospital)"
"700",62.76,"Scenario 5 (high transmissibility in hospital)"
"701",7.05,"Scenario 5 (high transmissibility in hospital)"
"702",7.05,"Scenario 5 (high transmissibility in hospital)"
"703",7.05,"Scenario 5 (high transmissibility in hospital)"
"704",7.05,"Scenario 5 (high transmissibility in hospital)"
"705",7.05,"Scenario 5 (high transmissibility in hospital)"
"706",7.05,"Scenario 5 (high transmissibility in hospital)"
"707",7.05,"Scenario 5 (high transmissibility in hospital)"
"708",7.05,"Scenario 5 (high transmissibility in hospital)"
"709",7.05,"Scenario 5 (high transmissibility in hospital)"
"710",7.05,"Scenario 5 (high transmissibility in hospital)"
"711",7.05,"Scenario 5 (high transmissibility in hospital)"
"712",14.12,"Scenario 5 (high transmissibility in hospital)"
"713",14.12,"Scenario 5 (high transmissibility in hospital)"
"714",14.12,"Scenario 5 (high transmissibility in hospital)"
"715",14.12,"Scenario 5 (high transmissibility in hospital)"
"716",14.12,"Scenario 5 (high transmissibility in hospital)"
"717",14.12,"Scenario 5 (high transmissibility in hospital)"
"718",14.12,"Scenario 5 (high transmissibility in hospital)"
"719",14.12,"Scenario 5 (high transmissibility in hospital)"
"720",14.12,"Scenario 5 (high transmissibility in hospital)"
"721",14.12,"Scenario 5 (high transmissibility in hospital)"
"722",14.12,"Scenario 5 (high transmissibility in hospital)"
"723",21.22,"Scenario 5 (high transmissibility in hospital)"
"724",21.22,"Scenario 5 (high transmissibility in hospital)"
"725",21.22,"Scenario 5 (high transmissibility in hospital)"
"726",21.22,"Scenario 5 (high transmissibility in hospital)"
"727",21.22,"Scenario 5 (high transmissibility in hospital)"
"728",21.22,"Scenario 5 (high transmissibility in hospital)"
"729",21.22,"Scenario 5 (high transmissibility in hospital)"
"730",21.22,"Scenario 5 (high transmissibility in hospital)"
"731",21.22,"Scenario 5 (high transmissibility in hospital)"
"732",21.22,"Scenario 5 (high transmissibility in hospital)"
"733",21.22,"Scenario 5 (high transmissibility in hospital)"
"734",28.35,"Scenario 5 (high transmissibility in hospital)"
"735",28.35,"Scenario 5 (high transmissibility in hospital)"
"736",28.35,"Scenario 5 (high transmissibility in hospital)"
"737",28.35,"Scenario 5 (high transmissibility in hospital)"
"738",28.35,"Scenario 5 (high transmissibility in hospital)"
"739",28.35,"Scenario 5 (high transmissibility in hospital)"
"740",28.35,"Scenario 5 (high transmissibility in hospital)"
"741",28.35,"Scenario 5 (high transmissibility in hospital)"
"742",28.35,"Scenario 5 (high transmissibility in hospital)"
"743",28.35,"Scenario 5 (high transmissibility in hospital)"
"744",28.35,"Scenario 5 (high transmissibility in hospital)"
"745",35.51,"Scenario 5 (high transmissibility in hospital)"
"746",35.51,"Scenario 5 (high transmissibility in hospital)"
"747",35.51,"Scenario 5 (high transmissibility in hospital)"
"748",35.51,"Scenario 5 (high transmissibility in hospital)"
"749",35.51,"Scenario 5 (high transmissibility in hospital)"
"750",35.51,"Scenario 5 (high transmissibility in hospital)"
"751",35.51,"Scenario 5 (high transmissibility in hospital)"
"752",35.51,"Scenario 5 (high transmissibility in hospital)"
"753",35.51,"Scenario 5 (high transmissibility in hospital)"
"754",35.51,"Scenario 5 (high transmissibility in hospital)"
"755",35.51,"Scenario 5 (high transmissibility in hospital)"
"756",42.69,"Scenario 5 (high transmissibility in hospital)"
"757",42.69,"Scenario 5 (high transmissibility in hospital)"
"758",42.69,"Scenario 5 (high transmissibility in hospital)"
"759",42.69,"Scenario 5 (high transmissibility in hospital)"
"760",42.69,"Scenario 5 (high transmissibility in hospital)"
"761",42.69,"Scenario 5 (high transmissibility in hospital)"
"762",42.69,"Scenario 5 (high transmissibility in hospital)"
"763",42.69,"Scenario 5 (high transmissibility in hospital)"
"764",42.69,"Scenario 5 (high transmissibility in hospital)"
"765",42.69,"Scenario 5 (high transmissibility in hospital)"
"766",42.69,"Scenario 5 (high transmissibility in hospital)"
"767",49.9,"Scenario 5 (high transmissibility in hospital)"
"768",49.9,"Scenario 5 (high transmissibility in hospital)"
"769",49.9,"Scenario 5 (high transmissibility in hospital)"
"770",49.9,"Scenario 5 (high transmissibility in hospital)"
"771",49.9,"Scenario 5 (high transmissibility in hospital)"
"772",49.9,"Scenario 5 (high transmissibility in hospital)"
"773",49.9,"Scenario 5 (high transmissibility in hospital)"
"774",49.9,"Scenario 5 (high transmissibility in hospital)"
"775",49.9,"Scenario 5 (high transmissibility in hospital)"
"776",49.9,"Scenario 5 (high transmissibility in hospital)"
"777",49.9,"Scenario 5 (high transmissibility in hospital)"
"778",57.14,"Scenario 5 (high transmissibility in hospital)"
"779",57.14,"Scenario 5 (high transmissibility in hospital)"
"780",57.14,"Scenario 5 (high transmissibility in hospital)"
"781",57.14,"Scenario 5 (high transmissibility in hospital)"
"782",57.14,"Scenario 5 (high transmissibility in hospital)"
"783",57.14,"Scenario 5 (high transmissibility in hospital)"
"784",57.14,"Scenario 5 (high transmissibility in hospital)"
"785",57.14,"Scenario 5 (high transmissibility in hospital)"
"786",57.14,"Scenario 5 (high transmissibility in hospital)"
"787",57.14,"Scenario 5 (high transmissibility in hospital)"
"788",57.14,"Scenario 5 (high transmissibility in hospital)"
"789",64.41,"Scenario 5 (high transmissibility in hospital)"
"790",64.41,"Scenario 5 (high transmissibility in hospital)"
"791",64.41,"Scenario 5 (high transmissibility in hospital)"
"792",64.41,"Scenario 5 (high transmissibility in hospital)"
"793",64.41,"Scenario 5 (high transmissibility in hospital)"
"794",64.41,"Scenario 5 (high transmissibility in hospital)"
"795",64.41,"Scenario 5 (high transmissibility in hospital)"
"796",64.41,"Scenario 5 (high transmissibility in hospital)"
"797",64.41,"Scenario 5 (high transmissibility in hospital)"
"798",64.41,"Scenario 5 (high transmissibility in hospital)"
"799",64.41,"Scenario 5 (high transmissibility in hospital)"
"800",71.7,"Scenario 5 (high transmissibility in hospital)"
"801",71.7,"Scenario 5 (high transmissibility in hospital)"
"802",71.7,"Scenario 5 (high transmissibility in hospital)"
"803",71.7,"Scenario 5 (high transmissibility in hospital)"
"804",71.7,"Scenario 5 (high transmissibility in hospital)"
"805",71.7,"Scenario 5 (high transmissibility in hospital)"
"806",71.7,"Scenario 5 (high transmissibility in hospital)"
"807",71.7,"Scenario 5 (high transmissibility in hospital)"
"808",71.7,"Scenario 5 (high transmissibility in hospital)"
"809",71.7,"Scenario 5 (high transmissibility in hospital)"
"810",71.7,"Scenario 5 (high transmissibility in hospital)"
"811",7.93,"Scenario 5 (high transmissibility in hospital)"
"812",7.93,"Scenario 5 (high transmissibility in hospital)"
"813",7.93,"Scenario 5 (high transmissibility in hospital)"
"814",7.93,"Scenario 5 (high transmissibility in hospital)"
"815",7.93,"Scenario 5 (high transmissibility in hospital)"
"816",7.93,"Scenario 5 (high transmissibility in hospital)"
"817",7.93,"Scenario 5 (high transmissibility in hospital)"
"818",7.93,"Scenario 5 (high transmissibility in hospital)"
"819",7.93,"Scenario 5 (high transmissibility in hospital)"
"820",7.93,"Scenario 5 (high transmissibility in hospital)"
"821",7.93,"Scenario 5 (high transmissibility in hospital)"
"822",15.88,"Scenario 5 (high transmissibility in hospital)"
"823",15.88,"Scenario 5 (high transmissibility in hospital)"
"824",15.88,"Scenario 5 (high transmissibility in hospital)"
"825",15.88,"Scenario 5 (high transmissibility in hospital)"
"826",15.88,"Scenario 5 (high transmissibility in hospital)"
"827",15.88,"Scenario 5 (high transmissibility in hospital)"
"828",15.88,"Scenario 5 (high transmissibility in hospital)"
"829",15.88,"Scenario 5 (high transmissibility in hospital)"
"830",15.88,"Scenario 5 (high transmissibility in hospital)"
"831",15.88,"Scenario 5 (high transmissibility in hospital)"
"832",15.88,"Scenario 5 (high transmissibility in hospital)"
"833",23.87,"Scenario 5 (high transmissibility in hospital)"
"834",23.87,"Scenario 5 (high transmissibility in hospital)"
"835",23.87,"Scenario 5 (high transmissibility in hospital)"
"836",23.87,"Scenario 5 (high transmissibility in hospital)"
"837",23.87,"Scenario 5 (high transmissibility in hospital)"
"838",23.87,"Scenario 5 (high transmissibility in hospital)"
"839",23.87,"Scenario 5 (high transmissibility in hospital)"
"840",23.87,"Scenario 5 (high transmissibility in hospital)"
"841",23.87,"Scenario 5 (high transmissibility in hospital)"
"842",23.87,"Scenario 5 (high transmissibility in hospital)"
"843",23.87,"Scenario 5 (high transmissibility in hospital)"
"844",31.89,"Scenario 5 (high transmissibility in hospital)"
"845",31.89,"Scenario 5 (high transmissibility in hospital)"
"846",31.89,"Scenario 5 (high transmissibility in hospital)"
"847",31.89,"Scenario 5 (high transmissibility in hospital)"
"848",31.89,"Scenario 5 (high transmissibility in hospital)"
"849",31.89,"Scenario 5 (high transmissibility in hospital)"
"850",31.89,"Scenario 5 (high transmissibility in hospital)"
"851",31.89,"Scenario 5 (high transmissibility in hospital)"
"852",31.89,"Scenario 5 (high transmissibility in hospital)"
"853",31.89,"Scenario 5 (high transmissibility in hospital)"
"854",31.89,"Scenario 5 (high transmissibility in hospital)"
"855",39.94,"Scenario 5 (high transmissibility in hospital)"
"856",39.94,"Scenario 5 (high transmissibility in hospital)"
"857",39.94,"Scenario 5 (high transmissibility in hospital)"
"858",39.94,"Scenario 5 (high transmissibility in hospital)"
"859",39.94,"Scenario 5 (high transmissibility in hospital)"
"860",39.94,"Scenario 5 (high transmissibility in hospital)"
"861",39.94,"Scenario 5 (high transmissibility in hospital)"
"862",39.94,"Scenario 5 (high transmissibility in hospital)"
"863",39.94,"Scenario 5 (high transmissibility in hospital)"
"864",39.94,"Scenario 5 (high transmissibility in hospital)"
"865",39.94,"Scenario 5 (high transmissibility in hospital)"
"866",48.02,"Scenario 5 (high transmissibility in hospital)"
"867",48.02,"Scenario 5 (high transmissibility in hospital)"
"868",48.02,"Scenario 5 (high transmissibility in hospital)"
"869",48.02,"Scenario 5 (high transmissibility in hospital)"
"870",48.02,"Scenario 5 (high transmissibility in hospital)"
"871",48.02,"Scenario 5 (high transmissibility in hospital)"
"872",48.02,"Scenario 5 (high transmissibility in hospital)"
"873",48.02,"Scenario 5 (high transmissibility in hospital)"
"874",48.02,"Scenario 5 (high transmissibility in hospital)"
"875",48.02,"Scenario 5 (high transmissibility in hospital)"
"876",48.02,"Scenario 5 (high transmissibility in hospital)"
"877",56.13,"Scenario 5 (high transmissibility in hospital)"
"878",56.13,"Scenario 5 (high transmissibility in hospital)"
"879",56.13,"Scenario 5 (high transmissibility in hospital)"
"880",56.13,"Scenario 5 (high transmissibility in hospital)"
"881",56.13,"Scenario 5 (high transmissibility in hospital)"
"882",56.13,"Scenario 5 (high transmissibility in hospital)"
"883",56.13,"Scenario 5 (high transmissibility in hospital)"
"884",56.13,"Scenario 5 (high transmissibility in hospital)"
"885",56.13,"Scenario 5 (high transmissibility in hospital)"
"886",56.13,"Scenario 5 (high transmissibility in hospital)"
"887",56.13,"Scenario 5 (high transmissibility in hospital)"
"888",64.27,"Scenario 5 (high transmissibility in hospital)"
"889",64.27,"Scenario 5 (high transmissibility in hospital)"
"890",64.27,"Scenario 5 (high transmissibility in hospital)"
"891",64.27,"Scenario 5 (high transmissibility in hospital)"
"892",64.27,"Scenario 5 (high transmissibility in hospital)"
"893",64.27,"Scenario 5 (high transmissibility in hospital)"
"894",64.27,"Scenario 5 (high transmissibility in hospital)"
"895",64.27,"Scenario 5 (high transmissibility in hospital)"
"896",64.27,"Scenario 5 (high transmissibility in hospital)"
"897",64.27,"Scenario 5 (high transmissibility in hospital)"
"898",64.27,"Scenario 5 (high transmissibility in hospital)"
"899",72.43,"Scenario 5 (high transmissibility in hospital)"
"900",72.43,"Scenario 5 (high transmissibility in hospital)"
"901",72.43,"Scenario 5 (high transmissibility in hospital)"
"902",72.43,"Scenario 5 (high transmissibility in hospital)"
"903",72.43,"Scenario 5 (high transmissibility in hospital)"
"904",72.43,"Scenario 5 (high transmissibility in hospital)"
"905",72.43,"Scenario 5 (high transmissibility in hospital)"
"906",72.43,"Scenario 5 (high transmissibility in hospital)"
"907",72.43,"Scenario 5 (high transmissibility in hospital)"
"908",72.43,"Scenario 5 (high transmissibility in hospital)"
"909",72.43,"Scenario 5 (high transmissibility in hospital)"
"910",80.63,"Scenario 5 (high transmissibility in hospital)"
"911",80.63,"Scenario 5 (high transmissibility in hospital)"
"912",80.63,"Scenario 5 (high transmissibility in hospital)"
"913",80.63,"Scenario 5 (high transmissibility in hospital)"
"914",80.63,"Scenario 5 (high transmissibility in hospital)"
"915",80.63,"Scenario 5 (high transmissibility in hospital)"
"916",80.63,"Scenario 5 (high transmissibility in hospital)"
"917",80.63,"Scenario 5 (high transmissibility in hospital)"
"918",80.63,"Scenario 5 (high transmissibility in hospital)"
"919",80.63,"Scenario 5 (high transmissibility in hospital)"
"920",80.63,"Scenario 5 (high transmissibility in hospital)"
"921",8.81,"Scenario 5 (high transmissibility in hospital)"
"922",8.81,"Scenario 5 (high transmissibility in hospital)"
"923",8.81,"Scenario 5 (high transmissibility in hospital)"
"924",8.81,"Scenario 5 (high transmissibility in hospital)"
"925",8.81,"Scenario 5 (high transmissibility in hospital)"
"926",8.81,"Scenario 5 (high transmissibility in hospital)"
"927",8.81,"Scenario 5 (high transmissibility in hospital)"
"928",8.81,"Scenario 5 (high transmissibility in hospital)"
"929",8.81,"Scenario 5 (high transmissibility in hospital)"
"930",8.81,"Scenario 5 (high transmissibility in hospital)"
"931",8.81,"Scenario 5 (high transmissibility in hospital)"
"932",17.65,"Scenario 5 (high transmissibility in hospital)"
"933",17.65,"Scenario 5 (high transmissibility in hospital)"
"934",17.65,"Scenario 5 (high transmissibility in hospital)"
"935",17.65,"Scenario 5 (high transmissibility in hospital)"
"936",17.65,"Scenario 5 (high transmissibility in hospital)"
"937",17.65,"Scenario 5 (high transmissibility in hospital)"
"938",17.65,"Scenario 5 (high transmissibility in hospital)"
"939",17.65,"Scenario 5 (high transmissibility in hospital)"
"940",17.65,"Scenario 5 (high transmissibility in hospital)"
"941",17.65,"Scenario 5 (high transmissibility in hospital)"
"942",17.65,"Scenario 5 (high transmissibility in hospital)"
"943",26.52,"Scenario 5 (high transmissibility in hospital)"
"944",26.52,"Scenario 5 (high transmissibility in hospital)"
"945",26.52,"Scenario 5 (high transmissibility in hospital)"
"946",26.52,"Scenario 5 (high transmissibility in hospital)"
"947",26.52,"Scenario 5 (high transmissibility in hospital)"
"948",26.52,"Scenario 5 (high transmissibility in hospital)"
"949",26.52,"Scenario 5 (high transmissibility in hospital)"
"950",26.52,"Scenario 5 (high transmissibility in hospital)"
"951",26.52,"Scenario 5 (high transmissibility in hospital)"
"952",26.52,"Scenario 5 (high transmissibility in hospital)"
"953",26.52,"Scenario 5 (high transmissibility in hospital)"
"954",35.43,"Scenario 5 (high transmissibility in hospital)"
"955",35.43,"Scenario 5 (high transmissibility in hospital)"
"956",35.43,"Scenario 5 (high transmissibility in hospital)"
"957",35.43,"Scenario 5 (high transmissibility in hospital)"
"958",35.43,"Scenario 5 (high transmissibility in hospital)"
"959",35.43,"Scenario 5 (high transmissibility in hospital)"
"960",35.43,"Scenario 5 (high transmissibility in hospital)"
"961",35.43,"Scenario 5 (high transmissibility in hospital)"
"962",35.43,"Scenario 5 (high transmissibility in hospital)"
"963",35.43,"Scenario 5 (high transmissibility in hospital)"
"964",35.43,"Scenario 5 (high transmissibility in hospital)"
"965",44.37,"Scenario 5 (high transmissibility in hospital)"
"966",44.37,"Scenario 5 (high transmissibility in hospital)"
"967",44.37,"Scenario 5 (high transmissibility in hospital)"
"968",44.37,"Scenario 5 (high transmissibility in hospital)"
"969",44.37,"Scenario 5 (high transmissibility in hospital)"
"970",44.37,"Scenario 5 (high transmissibility in hospital)"
"971",44.37,"Scenario 5 (high transmissibility in hospital)"
"972",44.37,"Scenario 5 (high transmissibility in hospital)"
"973",44.37,"Scenario 5 (high transmissibility in hospital)"
"974",44.37,"Scenario 5 (high transmissibility in hospital)"
"975",44.37,"Scenario 5 (high transmissibility in hospital)"
"976",53.34,"Scenario 5 (high transmissibility in hospital)"
"977",53.34,"Scenario 5 (high transmissibility in hospital)"
"978",53.34,"Scenario 5 (high transmissibility in hospital)"
"979",53.34,"Scenario 5 (high transmissibility in hospital)"
"980",53.34,"Scenario 5 (high transmissibility in hospital)"
"981",53.34,"Scenario 5 (high transmissibility in hospital)"
"982",53.34,"Scenario 5 (high transmissibility in hospital)"
"983",53.34,"Scenario 5 (high transmissibility in hospital)"
"984",53.34,"Scenario 5 (high transmissibility in hospital)"
"985",53.34,"Scenario 5 (high transmissibility in hospital)"
"986",53.34,"Scenario 5 (high transmissibility in hospital)"
"987",62.35,"Scenario 5 (high transmissibility in hospital)"
"988",62.35,"Scenario 5 (high transmissibility in hospital)"
"989",62.35,"Scenario 5 (high transmissibility in hospital)"
"990",62.35,"Scenario 5 (high transmissibility in hospital)"
"991",62.35,"Scenario 5 (high transmissibility in hospital)"
"992",62.35,"Scenario 5 (high transmissibility in hospital)"
"993",62.35,"Scenario 5 (high transmissibility in hospital)"
"994",62.35,"Scenario 5 (high transmissibility in hospital)"
"995",62.35,"Scenario 5 (high transmissibility in hospital)"
"996",62.35,"Scenario 5 (high transmissibility in hospital)"
"997",62.35,"Scenario 5 (high transmissibility in hospital)"
"998",71.39,"Scenario 5 (high transmissibility in hospital)"
"999",71.39,"Scenario 5 (high transmissibility in hospital)"
"1000",71.39,"Scenario 5 (high transmissibility in hospital)"
"1001",71.39,"Scenario 5 (high transmissibility in hospital)"
"1002",71.39,"Scenario 5 (high transmissibility in hospital)"
"1003",71.39,"Scenario 5 (high transmissibility in hospital)"
"1004",71.39,"Scenario 5 (high transmissibility in hospital)"
"1005",71.39,"Scenario 5 (high transmissibility in hospital)"
"1006",71.39,"Scenario 5 (high transmissibility in hospital)"
"1007",71.39,"Scenario 5 (high transmissibility in hospital)"
"1008",71.39,"Scenario 5 (high transmissibility in hospital)"
"1009",80.45,"Scenario 5 (high transmissibility in hospital)"
"1010",80.45,"Scenario 5 (high transmissibility in hospital)"
"1011",80.45,"Scenario 5 (high transmissibility in hospital)"
"1012",80.45,"Scenario 5 (high transmissibility in hospital)"
"1013",80.45,"Scenario 5 (high transmissibility in hospital)"
"1014",80.45,"Scenario 5 (high transmissibility in hospital)"
"1015",80.45,"Scenario 5 (high transmissibility in hospital)"
"1016",80.45,"Scenario 5 (high transmissibility in hospital)"
"1017",80.45,"Scenario 5 (high transmissibility in hospital)"
"1018",80.45,"Scenario 5 (high transmissibility in hospital)"
"1019",80.45,"Scenario 5 (high transmissibility in hospital)"
"1020",89.55,"Scenario 5 (high transmissibility in hospital)"
"1021",89.55,"Scenario 5 (high transmissibility in hospital)"
"1022",89.55,"Scenario 5 (high transmissibility in hospital)"
"1023",89.55,"Scenario 5 (high transmissibility in hospital)"
"1024",89.55,"Scenario 5 (high transmissibility in hospital)"
"1025",89.55,"Scenario 5 (high transmissibility in hospital)"
"1026",89.55,"Scenario 5 (high transmissibility in hospital)"
"1027",89.55,"Scenario 5 (high transmissibility in hospital)"
"1028",89.55,"Scenario 5 (high transmissibility in hospital)"
"1029",89.55,"Scenario 5 (high transmissibility in hospital)"
"1030",89.55,"Scenario 5 (high transmissibility in hospital)"
